{
    "rmse": 0.7207851626801144,
    "mae": 0.5795660739923723,
    "r2": 0.21897755242018024
}